Student_ID,Gender,Study_Hours_per_Week,Attendance_Rate,Past_Exam_Scores,Parental_Education_Level,Internet_Access_at_Home,Extracurricular_Activities,Final_Exam_Score,Pass_Fail
S147,0,31,68.26784098370288,86,0,1,1,63,1
S136,0,16,78.22292712613206,73,3,0,0,50,0
S209,1,21,87.52509623826568,74,3,1,0,55,0
S458,1,27,92.07648301550216,99,1,0,0,65,1
S078,1,37,98.65551746350522,63,2,0,1,70,1
S417,0,30,84.15919282227406,77,2,1,0,61,1
S302,0,24,89.38949443572463,95,0,1,1,61,1
S009,0,31,50.68359824134986,78,2,0,0,50,0
S044,1,34,80.8631856048646,94,3,0,1,65,1
S331,0,27,65.49684631343055,86,0,1,0,55,0
S451,1,35,69.83246865260271,58,0,1,1,57,0
S059,0,11,92.10457075093548,95,2,1,0,62,1
S315,0,25,78.88159770457736,81,0,0,0,59,0
S295,1,18,66.60732063274695,64,0,0,0,50,0
S141,1,12,62.21765777323273,62,2,1,0,50,0
S274,1,34,55.03973015079433,71,0,1,1,50,0
S327,0,32,93.0316008945367,78,1,1,1,77,1
S413,1,24,71.08519672766408,81,2,1,1,56,0
S452,1,37,97.70434682698166,55,0,1,1,58,0
S386,1,39,85.19730675692547,62,3,1,0,57,0
S458,1,27,92.07648301550216,99,1,0,0,65,1
S079,0,14,80.09676977704801,79,0,0,1,55,0
S375,0,36,97.22048627886367,93,2,1,1,65,1
S384,0,27,93.82220379376469,57,0,1,0,57,0
S207,1,20,89.07572408757075,92,1,1,1,62,1
S071,1,26,70.01502444551407,69,1,0,0,50,0
S489,0,27,99.0288400089994,85,0,1,1,64,1
S066,1,38,78.98249672358692,96,2,0,0,71,1
S018,1,32,68.89252746378932,66,3,1,1,58,0
S015,1,27,79.25747661627359,67,2,1,1,50,0
S155,0,39,50.91212407141805,52,1,0,1,50,0
S159,0,14,78.799920890283,91,3,0,1,61,1
S368,1,15,77.8360792391683,95,2,0,1,61,1
S104,1,28,96.20208795537168,83,0,0,1,67,1
S329,1,20,59.2231435709428,96,1,0,1,64,1
S397,1,37,93.05340099873608,81,1,0,1,61,1
S097,1,29,68.86429826210363,92,0,0,0,64,1
S112,0,14,84.35827527016656,94,0,1,1,59,0
S370,0,28,90.26574836789526,74,3,0,1,64,1
S463,1,13,73.71186543501848,77,3,1,1,55,0
S060,0,32,88.44588706576988,78,0,0,1,56,0
S041,0,37,81.96806784871211,67,1,0,1,56,0
S097,1,29,68.86429826210363,92,0,0,0,64,1
S216,0,21,65.80982911482474,92,1,1,0,65,1
S430,1,23,86.60922892295312,79,0,1,0,55,0
S377,1,35,70.3196154136761,85,3,0,0,59,0
S187,1,22,60.08652311651179,78,2,0,1,50,0
S233,1,35,66.64078929562422,78,2,1,1,54,0
S166,0,16,85.92286354182768,83,3,1,0,55,0
S207,1,20,89.07572408757075,92,1,1,1,62,1
S419,1,37,76.48308393275406,82,0,0,1,63,1
S033,1,19,90.81928676065311,88,3,1,1,56,0
S185,0,33,77.43015589690766,94,1,1,1,58,0
S057,1,37,89.82358878369386,84,0,0,1,68,1
S372,1,21,80.15987010884898,63,0,1,0,50,0
S395,0,12,88.69172616006702,80,3,0,1,50,0
S211,0,10,91.25663383463989,85,1,1,1,63,1
S361,1,29,62.69442820216521,56,2,1,1,54,0
S382,1,22,92.40640477334418,51,1,1,0,53,0
S389,0,37,66.79329285749175,70,1,0,1,55,0
S387,0,35,95.5312001770152,66,0,1,0,65,1
S380,0,39,81.66203874554803,97,1,1,1,66,1
S020,0,36,60.25226642532625,80,1,0,0,50,0
S445,1,15,91.85394953515149,93,1,0,1,67,1
S380,0,39,81.66203874554803,97,1,1,1,66,1
S099,1,22,93.41505535177934,88,0,0,0,63,1
S448,1,37,86.07664305609528,60,1,1,0,51,0
S408,1,35,87.08434721143328,73,2,0,1,60,1
S089,1,15,56.43741991498219,58,1,1,1,50,0
S049,1,17,54.55010455256652,91,3,0,0,50,0
S194,0,26,80.30509405279193,62,0,0,0,56,0
S121,1,35,59.1141939237979,55,3,0,0,57,0
S362,0,26,59.80565498467264,52,0,0,1,50,0
S322,0,16,60.634039217061314,76,1,0,0,50,0
S499,0,24,73.66050590406667,68,0,1,0,57,0
S251,1,34,76.82406757422973,55,0,1,0,50,0
S314,0,32,62.4113221378576,60,0,0,1,50,0
S200,0,27,96.64690335499772,65,1,0,0,63,1
S399,1,34,98.7273632599435,94,1,0,1,66,1
S072,1,29,84.88337868484659,54,2,1,1,50,0
S162,0,35,98.75335814725712,89,1,1,0,71,1
S440,0,20,97.93135886566102,95,1,0,1,61,1
S139,0,38,94.98236985725062,84,3,1,0,71,1
S449,0,30,80.52023335039789,52,3,1,0,59,0
S108,1,37,86.02580306957324,57,3,0,0,60,1
S476,1,23,65.72982784047055,91,1,0,0,58,0
S068,0,35,76.8631708357035,79,3,1,1,57,0
S178,0,11,54.36450897948377,62,0,0,1,50,0
S406,1,30,74.2389183575173,71,0,1,1,60,1
S340,1,15,79.37268021170371,83,0,1,0,61,1
S368,1,15,77.8360792391683,95,2,0,1,61,1
S370,0,28,90.26574836789526,74,3,0,1,64,1
S379,1,16,54.346250747517466,87,0,0,0,50,0
S246,1,33,60.22722965847316,83,3,0,0,56,0
S164,1,25,86.14480483108878,54,2,0,1,50,0
S008,0,19,56.69260594003166,72,1,1,1,50,0
S051,0,25,77.37231534495558,79,2,0,0,57,0
S142,0,21,74.91238489244701,96,0,0,0,61,1
S394,1,10,67.25960724406377,96,2,0,1,64,1
S045,1,13,99.02313625461888,91,3,1,1,55,0
S013,0,23,87.49553747349859,88,1,1,0,57,0
S085,0,21,77.43576546037043,97,1,1,0,52,0
S300,1,28,87.21248259216443,75,1,0,0,65,1
S438,1,32,71.10180297753436,88,2,1,1,51,0
S439,0,34,67.69356882806247,75,1,0,0,56,0
S012,0,17,76.71731375147316,79,0,0,0,50,0
S366,0,13,78.47217588817502,52,2,0,1,50,0
S380,0,39,81.66203874554803,97,1,1,1,66,1
S180,0,19,96.60071711284672,54,1,0,0,52,0
S486,1,19,87.95179227694248,100,0,0,0,64,1
S431,0,24,62.53653302807989,82,3,1,1,52,0
S160,1,21,95.86978065427658,58,1,1,1,66,1
S353,0,14,94.87152049094422,74,2,1,1,63,1
S265,0,33,91.33994139045392,53,3,0,0,50,0
S152,0,14,52.78267446784877,77,3,0,1,50,0
S147,0,31,68.26784098370288,86,0,1,1,63,1
S259,1,12,88.59409902991226,77,0,1,1,50,0
S429,0,26,63.32491966854411,62,1,1,1,50,0
S014,0,33,95.65828761288212,84,2,1,1,61,1
S159,0,14,78.799920890283,91,3,0,1,61,1
S482,1,14,54.33526059310918,61,1,0,1,50,0
S297,1,37,61.36978104385563,100,0,1,0,66,1
S055,0,32,76.18011380075056,81,1,0,0,56,0
S207,1,20,89.07572408757075,92,1,1,1,62,1
S280,1,39,89.50423185620434,67,3,0,1,64,1
S034,1,32,98.39868827199116,64,3,1,0,67,1
S494,1,33,83.49587322750196,100,3,0,0,71,1
S163,1,35,74.53743896293922,74,0,1,1,57,0
S433,0,30,74.71369250691357,75,0,1,0,53,0
S028,1,20,51.109237101515085,92,3,1,1,51,0
S328,0,38,76.75348594668293,70,1,0,0,64,1
S355,1,28,90.03748857430605,78,2,1,0,67,1
S225,1,12,78.87431354530628,79,2,0,0,51,0
S160,1,21,95.86978065427658,58,1,1,1,66,1
S213,0,17,61.78458730324999,87,3,0,1,57,0
S435,1,31,91.9053481589148,88,2,1,0,68,1
S271,1,32,80.74751315763272,76,0,1,0,52,0
S365,0,22,66.96356229480955,73,2,0,0,61,1
S186,0,14,77.44609899444886,81,3,0,0,57,0
S284,0,31,68.7217684860211,78,1,0,1,53,0
S019,1,11,62.05424161648159,63,0,0,0,52,0
S280,1,39,89.50423185620434,67,3,0,1,64,1
S143,1,35,66.5174240640457,74,2,1,0,59,0
S299,0,29,68.96528491927744,72,1,0,1,50,0
S090,1,22,66.50497566550777,64,3,0,0,50,0
S214,0,19,81.68792818600886,56,2,0,0,50,0
S369,0,37,86.04065481552533,64,0,0,0,61,1
S375,0,36,97.22048627886367,93,2,1,1,65,1
S402,1,34,78.28883099832802,87,0,1,1,65,1
S344,1,17,76.72279456286235,73,3,1,0,50,0
S480,1,27,84.52801162228204,61,2,0,0,52,0
S279,0,26,95.93752611303732,75,2,0,0,61,1
S262,1,27,78.27541736614869,86,3,0,1,59,0
S086,0,14,76.72117518662616,50,3,1,1,50,0
S061,0,31,53.311798892593295,98,1,0,0,67,1
S305,1,14,70.72522921018138,53,0,1,0,50,0
S414,0,30,56.61381055626652,64,0,0,0,52,0
S228,1,35,76.5928739844087,67,1,0,0,62,1
S335,1,19,67.46934995246664,54,3,0,0,50,0
S074,1,15,84.82507331135395,79,3,0,1,57,0
S399,1,34,98.7273632599435,94,1,0,1,66,1
S216,0,21,65.80982911482474,92,1,1,0,65,1
S459,0,37,92.32039246572786,61,2,0,0,61,1
S493,0,32,52.5797903329355,81,2,0,0,50,0
S367,1,13,94.37302412567516,69,3,0,1,62,1
S403,0,33,99.26836561208674,90,0,1,1,64,1
S035,1,35,54.42041116828233,98,1,0,1,59,0
S119,1,30,55.24345832662405,98,1,0,0,62,1
S003,0,32,69.64947244894296,58,3,1,0,57,0
S261,0,13,79.92213506026135,79,1,0,0,52,0
S264,0,16,79.95146823886633,71,1,0,1,55,0
S478,1,38,98.10493928820588,60,2,1,0,64,1
S465,1,31,67.57700805671094,96,3,0,1,62,1
S365,0,22,66.96356229480955,73,2,0,0,61,1
S326,1,12,77.86526844450239,77,1,1,0,50,0
S298,0,23,80.39471968971293,60,3,0,1,50,0
S253,1,19,72.85001096408392,79,2,0,0,53,0
S223,1,28,76.98905309573165,81,1,1,1,65,1
S189,0,25,54.39340556213284,52,1,1,1,50,0
S124,0,24,54.46021643560281,96,1,0,0,51,0
S223,1,28,76.98905309573165,81,1,1,1,65,1
S024,1,26,93.9110333739596,94,0,0,0,65,1
S066,1,38,78.98249672358692,96,2,0,0,71,1
S457,1,37,58.10069389457923,90,0,0,1,58,0
S487,0,33,86.20516646365692,68,1,1,0,51,0
S066,1,38,78.98249672358692,96,2,0,0,71,1
S130,1,17,82.4411420145788,98,3,0,1,62,1
S330,1,20,64.97979558832385,65,1,1,0,50,0
S119,1,30,55.24345832662405,98,1,0,0,62,1
S381,1,12,86.79523065980013,71,2,1,1,57,0
S101,0,37,79.86390411277154,73,3,0,1,70,1
S394,1,10,67.25960724406377,96,2,0,1,64,1
S016,0,24,86.3060422035924,91,0,1,1,65,1
S023,1,35,60.36138245040282,93,1,0,0,63,1
S091,1,29,66.07913823400145,98,2,0,1,60,1
S032,0,38,65.38886198855246,93,3,0,0,67,1
S043,1,16,95.15755293383133,65,1,1,0,55,0
S277,0,39,79.64814526294109,50,2,1,0,55,0
S268,1,14,61.36754915149935,85,0,1,1,50,0
S021,1,19,62.57212197558992,73,0,0,0,50,0
S197,1,29,92.53637300082272,55,3,0,0,61,1
S291,0,38,61.79530172975406,60,0,0,0,54,0
S263,0,26,85.80895373664761,78,1,1,1,58,0
S368,1,15,77.8360792391683,95,2,0,1,61,1
S342,1,23,85.7029599894914,98,1,0,0,60,1
S324,1,35,98.77706578413782,66,2,0,1,71,1
S328,0,38,76.75348594668293,70,1,0,0,64,1
S120,0,10,86.87026030469096,52,1,1,0,50,0
S333,1,21,71.33944526683747,55,0,1,0,50,0
S077,1,20,75.76180274321055,94,1,0,0,56,0
S016,0,24,86.3060422035924,91,0,1,1,65,1
S092,1,39,54.6145293114373,73,0,0,1,60,1
S339,1,38,91.82824066461664,64,3,1,1,61,1
S084,1,21,51.590234074258255,74,1,1,1,50,0
S258,1,26,70.44775885427467,83,0,1,0,57,0
S477,0,12,90.37151259083804,63,0,1,0,53,0
S229,0,17,53.330955619540845,85,0,0,1,50,0
S237,1,18,93.93145576867192,81,1,0,1,57,0
S047,1,29,81.83221608111413,51,2,0,1,52,0
S416,0,31,84.56109288048272,71,2,1,1,56,0
S428,1,18,63.18419013173082,90,2,1,1,57,0
S252,0,13,68.94107827784579,68,2,0,0,50,0
S222,0,38,81.20507720909188,59,3,1,0,60,1
S302,0,24,89.38949443572463,95,0,1,1,61,1
S390,0,17,91.25536657113298,67,2,0,0,59,0
S042,0,35,90.2522333759681,82,0,1,1,68,1
S332,0,24,69.8659057728799,69,2,0,0,54,0
S235,1,11,84.68588037016693,88,1,0,1,67,1
S387,0,35,95.5312001770152,66,0,1,0,65,1
S345,0,19,74.0543974193793,61,0,1,0,51,0
S190,1,33,56.94123867210102,89,1,1,0,59,0
S160,1,21,95.86978065427658,58,1,1,1,66,1
S349,1,35,66.71814056552411,65,2,0,1,58,0
S409,1,21,84.94229265804522,90,2,1,1,63,1
S341,0,16,64.70223396104858,84,0,0,0,50,0
S156,1,23,84.84807311832108,74,3,0,1,68,1
S241,1,30,99.88463079619216,98,2,1,0,74,1
S011,0,12,84.5857198584456,80,0,0,1,60,1
S313,1,30,95.63747314395644,78,0,1,0,61,1
S126,1,39,61.66082057749006,98,1,1,0,63,1
S328,0,38,76.75348594668293,70,1,0,0,64,1
S368,1,15,77.8360792391683,95,2,0,1,61,1
S339,1,38,91.82824066461664,64,3,1,1,61,1
S221,0,11,94.98337226460863,91,0,0,0,57,0
S192,0,32,55.83480320708407,89,1,0,0,59,0
S496,0,31,79.41318784849655,67,1,0,1,65,1
S370,0,28,90.26574836789526,74,3,0,1,64,1
S017,1,31,87.85406010212279,88,2,1,0,65,1
S101,0,37,79.86390411277154,73,3,0,1,70,1
S175,1,31,76.49200115905583,55,2,1,0,50,0
S017,1,31,87.85406010212279,88,2,1,0,65,1
S459,0,37,92.32039246572786,61,2,0,0,61,1
S232,1,19,71.57640715682213,62,1,0,1,52,0
S458,1,27,92.07648301550216,99,1,0,0,65,1
S138,0,31,66.8723416935959,81,3,1,0,59,0
S254,0,14,80.19789360362563,56,3,0,0,52,0
S469,0,30,72.98407563805655,65,0,0,0,54,0
S329,1,20,59.2231435709428,96,1,0,1,64,1
S027,1,18,63.433624101265366,86,0,0,0,50,0
S360,0,31,77.58612976296699,99,2,1,0,66,1
S432,1,10,81.65490316787238,62,3,0,1,50,0
S038,0,34,74.00229835092375,71,3,0,0,54,0
S154,0,26,52.58177389372564,58,2,1,1,50,0
S484,1,34,87.91962069728407,74,2,1,0,58,0
S146,0,14,61.26663988562641,63,0,1,0,50,0
S294,1,21,91.8745394501246,96,2,1,1,65,1
S283,1,34,88.5623334259869,96,1,1,1,72,1
S488,1,39,81.86157898947434,95,3,0,1,61,1
S434,1,31,78.66471890897003,71,1,0,0,55,0
S039,0,33,71.02678893325375,74,0,1,0,58,0
S023,1,35,60.36138245040282,93,1,0,0,63,1
S498,1,27,77.79032907185898,67,1,0,1,58,0
S234,1,39,86.52745684046508,61,1,0,1,53,0
S369,0,37,86.04065481552533,64,0,0,0,61,1
S340,1,15,79.37268021170371,83,0,1,0,61,1
S073,0,19,59.00336361746493,50,1,1,1,50,0
S353,0,14,94.87152049094422,74,2,1,1,63,1
S031,0,16,91.56857450312506,72,1,0,1,52,0
S125,0,11,76.76677820077617,72,3,0,1,57,0
S410,1,22,70.12750217984903,66,2,1,0,50,0
S402,1,34,78.28883099832802,87,0,1,1,65,1
S053,0,21,95.52356392016364,62,2,0,0,50,0
S351,1,14,87.66231103737255,57,3,1,0,55,0
S391,0,38,68.15296060975453,79,0,0,1,60,1
S257,0,12,74.3178740997804,81,3,1,1,50,0
S235,1,11,84.68588037016693,88,1,0,1,67,1
S181,0,35,66.03210960797571,62,3,0,0,50,0
S445,1,15,91.85394953515149,93,1,0,1,67,1
S165,1,30,91.04307365766763,60,0,0,0,50,0
S461,1,14,57.733607044161815,57,3,0,1,52,0
S354,1,15,76.32892333296469,66,3,0,1,50,0
S446,0,21,71.85966981786217,98,0,1,0,62,1
S324,1,35,98.77706578413782,66,2,0,1,71,1
S342,1,23,85.7029599894914,98,1,0,0,60,1
S447,0,33,95.77568386459568,89,2,1,0,69,1
S455,0,17,63.49556111960975,80,3,1,0,53,0
S278,1,26,55.11063321125998,71,0,1,0,50,0
S094,1,12,84.38923585480416,61,1,1,1,50,0
S409,1,21,84.94229265804522,90,2,1,1,63,1
S226,1,32,67.7681225909198,88,1,0,0,56,0
S069,1,35,73.0059579491786,74,3,0,1,60,1
S450,1,17,97.46533985288828,55,1,0,0,50,0
S092,1,39,54.6145293114373,73,0,0,1,60,1
S026,1,10,52.34482338956099,52,3,0,0,50,0
S224,1,27,71.93723376941695,92,0,1,1,59,0
S356,0,17,98.94657178079804,57,1,1,0,50,0
S097,1,29,68.86429826210363,92,0,0,0,64,1
S321,1,35,61.00486070405485,60,1,1,0,50,0
S188,0,13,84.22857739399166,100,2,1,1,65,1
S083,0,37,67.38096072413418,86,0,1,0,65,1
S240,1,35,78.65754246286943,76,3,1,1,60,1
S365,0,22,66.96356229480955,73,2,0,0,61,1
S095,1,32,75.58285067736307,86,2,1,1,63,1
S408,1,35,87.08434721143328,73,2,0,1,60,1
S289,0,13,95.53430991278566,56,1,0,1,60,1
S115,0,39,51.523607636679706,92,2,0,0,64,1
S325,1,14,72.94944940085065,93,3,0,0,54,0
S327,0,32,93.0316008945367,78,1,1,1,77,1
S172,0,32,85.54762394183741,97,1,0,1,64,1
S441,0,21,59.21854603394816,99,0,1,1,60,1
S198,1,33,87.2987262774359,73,2,0,1,72,1
S034,1,32,98.39868827199116,64,3,1,0,67,1
S032,0,38,65.38886198855246,93,3,0,0,67,1
S103,1,39,76.82953229936663,62,2,1,1,68,1
S042,0,35,90.2522333759681,82,0,1,1,68,1
S282,1,25,82.5683605494123,63,0,1,1,54,0
S116,1,32,93.36074905373616,83,2,0,0,66,1
S436,1,12,70.21907507745121,51,2,1,0,50,0
S460,0,37,97.76181563617396,57,0,0,0,59,0
S338,0,26,68.88629737200847,87,1,1,1,65,1
S244,0,20,88.92859695253756,89,3,0,1,61,1
S048,0,10,77.74078042711128,84,1,0,1,56,0
S006,1,27,53.17559147950007,57,2,1,0,50,0
S052,1,23,72.54552237080522,62,1,1,0,50,0
S095,1,32,75.58285067736307,86,2,1,1,63,1
S470,1,29,53.79667051848111,53,1,0,1,50,0
S147,0,31,68.26784098370288,86,0,1,1,63,1
S355,1,28,90.03748857430605,78,2,1,0,67,1
S316,1,34,58.27566587139869,51,0,0,0,54,0
S191,0,25,50.13554497071648,83,0,1,1,50,0
S347,0,27,88.26781405331204,64,3,1,1,67,1
S104,1,28,96.20208795537168,83,0,0,1,67,1
S127,1,31,67.14634321391301,58,0,0,0,50,0
S151,0,37,90.29324433705716,52,3,1,0,56,0
S157,0,39,99.86277673841973,83,2,0,0,64,1
S044,1,34,80.8631856048646,94,3,0,1,65,1
S157,0,39,99.86277673841973,83,2,0,0,64,1
S285,1,22,53.44607696836094,61,3,0,1,50,0
S300,1,28,87.21248259216443,75,1,0,0,65,1
S391,0,38,68.15296060975453,79,0,0,1,60,1
S092,1,39,54.6145293114373,73,0,0,1,60,1
S310,1,36,95.92273624696506,88,0,1,0,64,1
S270,0,26,64.3964808237863,53,0,0,1,50,0
S219,1,21,72.59743006495196,80,2,1,0,58,0
S391,0,38,68.15296060975453,79,0,0,1,60,1
S139,0,38,94.98236985725062,84,3,1,0,71,1
S173,0,35,59.97534636691599,75,0,0,0,59,0
S465,1,31,67.57700805671094,96,3,0,1,62,1
S222,0,38,81.20507720909188,59,3,1,0,60,1
S489,0,27,99.0288400089994,85,0,1,1,64,1
S145,1,28,50.37671815670374,53,3,0,0,50,0
S249,0,30,87.73176459300583,84,3,0,1,69,1
S304,1,30,55.71336500278439,78,2,1,0,50,0
S371,1,38,99.43643909777214,79,2,1,1,68,1
S140,0,32,80.37776111467863,87,0,0,0,69,1
S423,1,28,70.26240440138443,99,3,0,1,62,1
S001,0,38,68.83694849689704,64,0,1,0,50,0
S412,1,38,82.25270838846647,95,1,0,0,76,1
S056,1,24,84.88209357467318,81,1,0,1,67,1
S030,1,25,73.81053483945071,75,3,0,0,50,0
S397,1,37,93.05340099873608,81,1,0,1,61,1
S113,1,35,92.22203363168144,95,2,0,1,64,1
S150,1,23,54.3943812270072,90,3,1,1,53,0
S162,0,35,98.75335814725712,89,1,1,0,71,1
S218,0,22,84.14910317085662,100,0,1,1,63,1
S111,1,35,56.65584642937391,100,3,0,0,57,0
S248,0,34,74.69907435654314,94,1,0,1,53,0
S067,1,31,67.07816052282725,59,1,0,0,50,0
S218,0,22,84.14910317085662,100,0,1,1,63,1
S481,1,28,76.06503337067846,72,3,0,0,54,0
S239,0,13,87.07304555695228,95,1,0,1,58,0
S238,1,16,74.77118132019828,62,0,0,0,50,0
S096,1,17,57.84888413580968,86,1,0,1,50,0
S419,1,37,76.48308393275406,82,0,0,1,63,1
S474,1,38,50.262690927919245,52,0,0,1,51,0
S446,0,21,71.85966981786217,98,0,1,0,62,1
S495,0,10,52.208271885505006,93,2,1,1,52,0
S446,0,21,71.85966981786217,98,0,1,0,62,1
S106,1,33,87.99777044687929,56,2,1,0,55,0
S319,0,30,89.02478537730438,69,2,1,0,56,0
S486,1,19,87.95179227694248,100,0,0,0,64,1
S119,1,30,55.24345832662405,98,1,0,0,62,1
S088,0,13,94.71086314479628,64,2,1,1,50,0
S286,0,36,53.866053274439366,85,1,0,1,53,0
S091,1,29,66.07913823400145,98,2,0,1,60,1
S446,0,21,71.85966981786217,98,0,1,0,62,1
S158,1,29,94.83051314870104,61,0,1,0,50,0
S017,1,31,87.85406010212279,88,2,1,0,65,1
S024,1,26,93.9110333739596,94,0,0,0,65,1
S466,0,26,70.63967753033762,56,3,0,1,55,0
S444,1,17,53.41248526770458,91,0,1,0,50,0
S376,1,19,57.05409243888568,69,2,0,0,50,0
S415,0,25,95.02861506181928,65,2,1,1,50,0
S247,0,13,85.70320411118071,73,0,1,0,53,0
S188,0,13,84.22857739399166,100,2,1,1,65,1
S392,0,18,51.71140554102646,67,2,1,0,50,0
S486,1,19,87.95179227694248,100,0,0,0,64,1
S283,1,34,88.5623334259869,96,1,1,1,72,1
S447,0,33,95.77568386459568,89,2,1,0,69,1
S169,0,39,91.92912793513123,87,0,0,0,73,1
S398,1,39,60.975526254047935,60,3,0,0,50,0
S065,0,39,60.45653955392571,93,0,0,1,59,0
S140,0,32,80.37776111467863,87,0,0,0,69,1
S255,0,18,75.11441737312651,59,1,1,1,50,0
S293,0,28,59.316043974706034,55,2,1,1,50,0
S202,1,37,60.25009050266186,77,3,1,0,51,0
S491,1,22,82.33324595585816,57,2,0,0,50,0
S236,1,28,58.33653799966916,51,1,0,0,50,0
S364,1,34,79.75244898502103,93,2,0,0,59,0
S207,1,20,89.07572408757075,92,1,1,1,62,1
S437,1,25,88.54556885321352,87,0,0,0,61,1
S063,0,34,81.04028422110457,93,0,0,0,69,1
S290,1,21,56.14053909228669,78,1,1,0,50,0
S464,0,36,67.21918660221166,69,2,0,0,57,0
S201,0,12,99.54647382286952,89,2,0,0,67,1
S375,0,36,97.22048627886367,93,2,1,1,65,1
S133,0,10,86.84112376974565,99,3,0,0,57,0
S036,0,12,89.59089197348165,53,0,1,1,50,0
S397,1,37,93.05340099873608,81,1,0,1,61,1
S445,1,15,91.85394953515149,93,1,0,1,67,1
S160,1,21,95.86978065427658,58,1,1,1,66,1
S346,0,18,74.85059744106245,67,1,0,0,50,0
S162,0,35,98.75335814725712,89,1,1,0,71,1
S122,0,35,78.19825460094182,54,1,0,1,57,0
S069,1,35,73.0059579491786,74,3,0,1,60,1
S308,1,34,73.28500611594066,62,2,0,1,55,0
S142,0,21,74.91238489244701,96,0,0,0,61,1
S418,1,20,91.12919379558367,69,3,0,1,50,0
S080,1,10,61.19245329531603,99,0,0,1,53,0
S208,1,14,91.3970443588746,94,0,0,1,73,1
S222,0,38,81.20507720909188,59,3,1,0,60,1
S307,1,21,96.14801158992424,84,1,1,0,65,1
S029,1,31,74.90825933229465,89,3,1,0,68,1
S279,0,26,95.93752611303732,75,2,0,0,61,1
S479,0,15,89.5006779395928,67,0,0,1,52,0
S340,1,15,79.37268021170371,83,0,1,0,61,1
S177,0,13,88.38897507214193,97,0,0,1,59,0
S424,0,29,74.87324469899453,82,3,1,0,60,1
S092,1,39,54.6145293114373,73,0,0,1,60,1
S400,0,37,88.98793873940154,74,1,1,1,64,1
S097,1,29,68.86429826210363,92,0,0,0,64,1
S368,1,15,77.8360792391683,95,2,0,1,61,1
S289,0,13,95.53430991278566,56,1,0,1,60,1
S093,1,24,74.05726970281466,53,3,0,0,50,0
S399,1,34,98.7273632599435,94,1,0,1,66,1
S241,1,30,99.88463079619216,98,2,1,0,74,1
S076,1,31,93.71588024272086,52,1,0,1,55,0
S207,1,20,89.07572408757075,92,1,1,1,62,1
S468,0,10,79.91430291340774,69,1,1,0,50,0
S312,0,13,51.64233351217192,78,3,1,1,50,0
S148,0,34,74.3904900404369,83,0,1,0,59,0
S070,1,31,79.23830529745769,88,3,0,0,57,0
S040,0,22,89.23341319721547,62,3,1,1,50,0
S467,1,18,85.24627748444766,60,2,1,1,52,0
S197,1,29,92.53637300082272,55,3,0,0,61,1
S276,1,18,86.30477930312003,59,0,1,1,51,0
S227,0,26,69.5741055100751,80,2,1,1,53,0
S235,1,11,84.68588037016693,88,1,0,1,67,1
S393,1,16,91.53272532826249,95,3,1,1,64,1
S283,1,34,88.5623334259869,96,1,1,1,72,1
S426,0,27,55.32893650643372,82,3,1,0,52,0
S396,1,22,68.13789473329727,87,3,0,0,54,0
S411,0,22,60.90115537470432,61,3,1,1,50,0
S069,1,35,73.0059579491786,74,3,0,1,60,1
S405,1,15,59.105356941079165,60,1,0,0,50,0
S342,1,23,85.7029599894914,98,1,0,0,60,1
S205,1,38,86.07982753756386,90,2,1,0,72,1
S050,1,23,86.31985163251142,83,1,1,1,55,0
S350,0,11,53.775168190194464,76,3,0,1,50,0
S403,0,33,99.26836561208674,90,0,1,1,64,1
S454,1,35,74.18774709662064,88,3,1,0,69,1
S025,1,17,87.84995660861144,83,3,0,0,58,0
S494,1,33,83.49587322750196,100,3,0,0,71,1
S369,0,37,86.04065481552533,64,0,0,0,61,1
S144,1,25,96.68459118799372,58,0,1,1,53,0
S273,1,32,56.95580970715309,61,0,1,1,50,0
S421,1,13,74.90453767555029,89,0,1,0,50,0
S058,0,11,72.96734039730862,88,3,0,0,54,0
S359,0,10,70.39922476824223,95,3,0,0,50,0
S240,1,35,78.65754246286943,76,3,1,1,60,1
S339,1,38,91.82824066461664,64,3,1,1,61,1
S115,0,39,51.523607636679706,92,2,0,0,64,1
S198,1,33,87.2987262774359,73,2,0,1,72,1
S082,1,30,67.25413139111933,67,0,0,0,50,0
S101,0,37,79.86390411277154,73,3,0,1,70,1
S206,0,28,52.40473219820439,62,3,0,0,50,0
S323,1,23,75.75868412034063,52,2,1,1,50,0
S159,0,14,78.799920890283,91,3,0,1,61,1
S383,1,22,56.13884448313542,73,1,0,0,50,0
S339,1,38,91.82824066461664,64,3,1,1,61,1
S475,0,22,55.15468730068724,90,2,1,0,51,0
S301,0,35,60.27899041878187,83,2,0,0,62,1
S329,1,20,59.2231435709428,96,1,0,1,64,1
S230,0,38,61.45126954623981,51,2,1,0,50,0
S201,0,12,99.54647382286952,89,2,0,0,67,1
S267,1,39,67.12621285892718,81,2,0,1,59,0
S489,0,27,99.0288400089994,85,0,1,1,64,1
S022,0,11,63.73658985129544,84,2,1,1,50,0
S287,0,28,55.21234830259048,84,2,1,1,50,0
S042,0,35,90.2522333759681,82,0,1,1,68,1
S011,0,12,84.5857198584456,80,0,0,1,60,1
S087,1,16,67.7995742135993,95,0,1,1,52,0
S231,1,35,77.14246553067045,63,2,1,0,57,0
S380,0,39,81.66203874554803,97,1,1,1,66,1
S373,1,31,90.3425074481293,56,3,1,0,58,0
S235,1,11,84.68588037016693,88,1,0,1,67,1
S375,0,36,97.22048627886367,93,2,1,1,65,1
S342,1,23,85.7029599894914,98,1,0,0,60,1
S137,0,14,68.93863129756447,52,1,0,0,50,0
S156,1,23,84.84807311832108,74,3,0,1,68,1
S179,0,29,75.30519781796735,77,2,0,0,61,1
S399,1,34,98.7273632599435,94,1,0,1,66,1
S217,1,38,79.41533378975284,94,0,0,0,63,1
S260,0,25,50.61015361590223,64,1,1,0,50,0
S404,0,10,73.55327263469073,57,3,0,0,50,0
S327,0,32,93.0316008945367,78,1,1,1,77,1
S348,1,36,55.14907396656578,93,0,1,0,61,1
S204,0,10,96.32247117948556,97,3,1,0,56,0
S117,0,18,67.70733353965628,75,1,1,1,50,0
S310,1,36,95.92273624696506,88,0,1,0,64,1
S114,1,30,87.48081160042938,59,2,0,1,50,0
S200,0,27,96.64690335499772,65,1,0,0,63,1
S456,0,35,76.99213894540966,81,3,0,0,65,1
S010,1,35,53.76795301762312,67,2,1,1,50,0
S184,0,10,72.71339861095498,89,0,0,1,54,0
S153,0,24,92.11570176490908,78,2,0,0,53,0
S130,1,17,82.4411420145788,98,3,0,1,62,1
S099,1,22,93.41505535177934,88,0,0,0,63,1
S196,1,36,55.33496250567181,82,2,0,0,56,0
S422,1,12,53.35876999578551,81,1,1,1,50,0
S401,1,26,55.71189629601984,82,1,0,1,52,0
S195,0,37,89.71447249832312,94,2,1,1,66,1
S337,0,21,81.24879935255261,50,1,1,1,55,0
S318,0,22,65.57365855663787,63,0,1,0,50,0
S007,0,34,51.84109338179957,99,3,1,0,54,0
S490,0,36,95.16819063180124,94,2,0,1,64,1
S078,1,37,98.65551746350522,63,2,0,1,70,1
S420,1,14,90.75272142012284,59,1,1,1,55,0
S081,0,17,91.08953184222246,53,1,0,1,53,0
S378,0,28,66.19950305533999,58,0,1,1,53,0
S242,0,27,87.62015600194113,90,3,0,1,52,0
S102,1,19,99.31284979334076,60,1,0,0,60,1
S280,1,39,89.50423185620434,67,3,0,1,64,1
S437,1,25,88.54556885321352,87,0,0,0,61,1
S061,0,31,53.311798892593295,98,1,0,0,67,1
S110,0,32,57.38695459531134,78,3,0,1,50,0
S044,1,34,80.8631856048646,94,3,0,1,65,1
S294,1,21,91.8745394501246,96,2,1,1,65,1
S360,0,31,77.58612976296699,99,2,1,0,66,1
S179,0,29,75.30519781796735,77,2,0,0,61,1
S309,1,29,74.04184890445367,90,2,0,1,62,1
S371,1,38,99.43643909777214,79,2,1,1,68,1
S193,0,11,73.65831005259462,76,0,1,1,54,0
S393,1,16,91.53272532826249,95,3,1,1,64,1
S388,0,29,81.23806355216256,57,3,1,1,50,0
S123,1,10,92.03549929389656,54,0,0,1,50,0
S357,1,25,91.98944297282851,64,1,1,1,57,0
S339,1,38,91.82824066461664,64,3,1,1,61,1
S328,0,38,76.75348594668293,70,1,0,0,64,1
S310,1,36,95.92273624696506,88,0,1,0,64,1
S360,0,31,77.58612976296699,99,2,1,0,66,1
S256,0,33,76.99303185564183,90,0,1,1,69,1
S292,0,18,58.27602551836449,82,0,1,1,50,0
S002,1,30,87.4789149988036,56,3,0,1,50,0
S095,1,32,75.58285067736307,86,2,1,1,63,1
S243,1,22,85.34902306217296,66,0,0,1,50,0
S167,1,13,76.75183660224553,73,1,0,0,50,0
S471,0,22,53.888267203947855,55,2,0,1,50,0
S311,1,30,79.35341120682835,64,2,1,1,50,0
S425,1,34,86.01012908161479,51,3,0,0,58,0
S462,0,18,81.16662754524954,99,1,0,0,56,0
S168,0,10,73.8309742063206,64,0,0,0,50,0
S306,0,12,93.17590703064783,66,3,0,0,52,0
S394,1,10,67.25960724406377,96,2,0,1,64,1
S220,0,23,85.6891227427663,72,3,1,0,55,0
S400,0,37,88.98793873940154,74,1,1,1,64,1
S353,0,14,94.87152049094422,74,2,1,1,63,1
S017,1,31,87.85406010212279,88,2,1,0,65,1
S250,0,38,55.14580153720725,97,0,1,1,58,0
S347,0,27,88.26781405331204,64,3,1,1,67,1
S275,0,12,62.80077659268311,66,0,1,1,50,0
S032,0,38,65.38886198855246,93,3,0,0,67,1
S317,0,16,51.69395801232975,96,3,1,1,51,0
S182,0,28,79.69415487789495,66,1,0,0,50,0
S128,0,25,73.69849707152781,84,0,1,1,57,0
S075,0,24,70.5830607178764,98,1,1,0,57,0
S245,0,38,57.15639927742348,80,2,1,1,54,0
S061,0,31,53.311798892593295,98,1,0,0,67,1
S131,1,22,73.97910508771251,91,3,0,0,57,0
S200,0,27,96.64690335499772,65,1,0,0,63,1
S107,1,28,76.5632876986767,53,0,1,0,50,0
S062,0,28,52.293063320231646,78,3,1,0,50,0
S328,0,38,76.75348594668293,70,1,0,0,64,1
S280,1,39,89.50423185620434,67,3,0,1,64,1
S211,0,10,91.25663383463989,85,1,1,1,63,1
S101,0,37,79.86390411277154,73,3,0,1,70,1
S161,0,25,50.26500031988027,64,1,0,0,50,0
S244,0,20,88.92859695253756,89,3,0,1,61,1
S486,1,19,87.95179227694248,100,0,0,0,64,1
S336,1,35,73.41159142206897,52,3,1,0,50,0
S032,0,38,65.38886198855246,93,3,0,0,67,1
S266,1,32,97.95373972820138,69,1,1,0,58,0
S032,0,38,65.38886198855246,93,3,0,0,67,1
S409,1,21,84.94229265804522,90,2,1,1,63,1
S399,1,34,98.7273632599435,94,1,0,1,66,1
S307,1,21,96.14801158992424,84,1,1,0,65,1
S244,0,20,88.92859695253756,89,3,0,1,61,1
S169,0,39,91.92912793513123,87,0,0,0,73,1
S353,0,14,94.87152049094422,74,2,1,1,63,1
S367,1,13,94.37302412567516,69,3,0,1,62,1
S129,1,34,67.75521516396523,69,0,1,1,52,0
S485,0,11,81.94746926671309,94,0,1,0,53,0
S037,1,27,79.4977948568818,78,2,1,0,59,0
S100,0,27,54.225850384034096,95,0,0,1,56,0
S132,0,30,79.20997423570847,84,2,0,1,65,1
S054,1,28,64.89797257709752,67,2,1,0,51,0
S374,1,16,98.13246592774374,66,2,0,0,51,0
S367,1,13,94.37302412567516,69,3,0,1,62,1
S063,0,34,81.04028422110457,93,0,0,0,69,1
S269,0,21,71.17984312102415,99,0,1,0,59,0
S210,0,12,89.97685654597578,91,3,0,0,57,0
S385,0,37,82.14627818071267,60,3,0,0,64,1
S105,1,26,61.80582665587022,74,0,0,0,50,0
S497,0,10,99.96767497829174,55,0,0,0,59,0
S465,1,31,67.57700805671094,96,3,0,1,62,1
S170,1,39,60.25387800747296,57,2,1,1,50,0
S199,0,21,70.42591464679585,68,2,0,0,50,0
S183,1,35,68.46152407549481,99,3,1,0,67,1
S142,0,21,74.91238489244701,96,0,0,0,61,1
S215,0,20,95.3933065231258,54,3,0,1,54,0
S066,1,38,78.98249672358692,96,2,0,0,71,1
S347,0,27,88.26781405331204,64,3,1,1,67,1
S437,1,25,88.54556885321352,87,0,0,0,61,1
S447,0,33,95.77568386459568,89,2,1,0,69,1
S281,1,29,51.15113023938188,99,1,0,0,50,0
S360,0,31,77.58612976296699,99,2,1,0,66,1
S355,1,28,90.03748857430605,78,2,1,0,67,1
S235,1,11,84.68588037016693,88,1,0,1,67,1
S370,0,28,90.26574836789526,74,3,0,1,64,1
S427,0,24,57.00092693302245,82,1,1,1,53,0
S205,1,38,86.07982753756386,90,2,1,0,72,1
S310,1,36,95.92273624696506,88,0,1,0,64,1
S228,1,35,76.5928739844087,67,1,0,0,62,1
S352,0,38,63.61509273601497,95,2,1,0,58,0
S297,1,37,61.36978104385563,100,0,1,0,66,1
S417,0,30,84.15919282227406,77,2,1,0,61,1
S272,1,22,95.59262044214825,66,3,1,0,50,0
S443,0,25,88.54929627677393,83,3,0,0,56,0
S313,1,30,95.63747314395644,78,0,1,0,61,1
S500,1,26,65.64274282527938,71,0,1,0,52,0
S409,1,21,84.94229265804522,90,2,1,1,63,1
S235,1,11,84.68588037016693,88,1,0,1,67,1
S303,0,25,80.18607658650694,83,0,0,0,67,1
S228,1,35,76.5928739844087,67,1,0,0,62,1
S363,0,16,75.2753939553017,78,0,0,1,57,0
S064,0,35,67.37067041127071,65,2,1,1,56,0
S453,1,13,56.75006387106035,58,1,0,1,50,0
S102,1,19,99.31284979334076,60,1,0,0,60,1
S005,0,12,78.45407345828738,97,2,0,0,53,0
S103,1,39,76.82953229936663,62,2,1,1,68,1
S296,1,16,65.57221320228206,81,2,0,1,50,0
S320,1,19,63.87935863147091,71,3,0,0,50,0
S343,0,22,76.38238650723929,74,0,1,0,50,0
S188,0,13,84.22857739399166,100,2,1,1,65,1
S171,1,14,98.3997033252117,54,2,1,0,55,0
S288,0,26,92.02198159902116,61,1,0,0,59,0
S174,1,19,86.81235918492442,67,0,0,1,54,0
S456,0,35,76.99213894540966,81,3,0,0,65,1
S380,0,39,81.66203874554803,97,1,1,1,66,1
S203,0,10,68.96142924819003,82,1,0,0,58,0
S339,1,38,91.82824066461664,64,3,1,1,61,1
S329,1,20,59.2231435709428,96,1,0,1,64,1
S334,0,18,89.98910110371347,68,1,0,0,56,0
S098,1,25,50.12975121918232,55,2,1,1,50,0
S135,0,38,79.32677173303796,66,0,1,1,57,0
S355,1,28,90.03748857430605,78,2,1,0,67,1
S212,0,10,59.320249339407205,76,1,0,1,50,0
S303,0,25,80.18607658650694,83,0,0,0,67,1
S172,0,32,85.54762394183741,97,1,0,1,64,1
S134,0,25,77.88711329752186,67,0,0,1,50,0
S483,0,24,97.90853965019652,62,0,1,1,53,0
S176,1,14,85.36150478222223,86,0,1,0,57,0
S307,1,21,96.14801158992424,84,1,1,0,65,1
S004,0,10,91.45821103532572,100,0,0,0,59,0
S109,1,35,53.11706812556207,69,3,1,0,54,0
S198,1,33,87.2987262774359,73,2,0,1,72,1
S407,1,15,75.62288279409609,100,1,0,1,54,0
S183,1,35,68.46152407549481,99,3,1,0,67,1
S472,1,37,50.11696953128892,71,3,1,0,55,0
S442,1,19,54.5168480288804,64,1,0,0,50,0
S149,0,38,92.5408758918073,60,3,1,1,64,1
S118,1,21,69.85819162520413,90,2,1,0,50,0
S358,1,22,93.34968800057618,76,1,0,0,60,1
S492,0,14,84.65876057284623,78,3,1,0,50,0
S301,0,35,60.27899041878187,83,2,0,0,62,1
S473,0,25,98.38496941035432,75,1,1,0,57,0
S307,1,21,96.14801158992424,84,1,1,0,65,1
S046,1,22,80.40439247709426,93,1,1,0,55,0
